ID,Username,Email,Website
88c12d79-6dcb-4042-99e7-802f80ffd99d,asarsons0,cmarchetti0@columbia.edu,http://themeforest.net
233f223b-262d-4f6f-a9ec-0a84c1792231,dmcanellye1,cdeane1@shutterfly.com,http://statcounter.com
a7f9a8f7-025d-4c60-acbd-cdd690c46776,obennis2,orothwell2@earthlink.net,http://kickstarter.com
d37440cb-00ca-4f9c-8b03-b77b09989f5f,glyddon3,rburgh3@desdev.cn,http://dyndns.org
e4e81b1b-4ff4-4700-8a2b-82617c7c1819,fabramovic4,cweinham4@nih.gov,https://amazon.co.uk
9ba3d2b4-5c61-45f5-acee-1109239391c8,mwyon5,mwynn5@comsenz.com,http://google.pl
1b45e2fe-ea33-460f-a236-1badf352b733,sbellenie6,agrew6@google.co.jp,https://go.com
acee267b-7320-4cd6-b74c-a4983ef0e15c,dchestnut7,cstrooband7@geocities.jp,https://tinyurl.com
90f776f5-7551-40c5-a990-25e54ef4ad7d,gseager8,blively8@accuweather.com,https://friendfeed.com
474f5038-bde5-4fac-b141-e7304c28fc55,djacobsson9,kwhatsize9@bing.com,https://japanpost.jp
0ff27cc8-b439-4524-b3d5-cb9b1f75c60c,psultanaa,bparnhama@spiegel.de,https://wikispaces.com
21870bfc-9b69-46aa-a19d-7f1c24f6b725,rwickhamb,bcosgroveb@vimeo.com,https://yolasite.com
25858517-6ce5-4dd2-90a6-c45c81753001,jdepkec,uloblec@noaa.gov,http://vistaprint.com
5aaffbc6-78ba-44e0-b1b8-520e6de175bb,mheelisd,atinstond@goo.gl,https://pbs.org
39101a84-fe3a-4956-9689-51e188edd643,tpattingsone,wilewicze@upenn.edu,https://mashable.com
a78f6978-b727-45a5-846c-6000bdc460fc,bhaysmanf,bkraftf@usnews.com,https://gnu.org
7707614d-76e0-4edd-907d-a6f44c9d9405,jtathamg,awickersleyg@lycos.com,https://edublogs.org
46ead681-46fb-4000-ac81-b57228c6a884,amoultonh,cfawcknerh@ebay.co.uk,http://infoseek.co.jp
afc02b58-5659-4d8d-9b3c-f23e0c93648f,eaccombei,npringi@mysql.com,https://seattletimes.com
24b29ac8-ffc2-42d6-af74-0c106d9417d4,gcupperj,rchartersj@nbcnews.com,https://xing.com
f24835fc-d818-42b2-8ca2-c07a7935c62b,mbanbriggek,tduerdenk@taobao.com,https://php.net
840f94aa-3f7f-4a13-bc13-02648fbc208c,shewsl,aveltmanl@prlog.org,http://symantec.com
b3c6bf83-b6b2-4010-99e1-9cd8a3ce580e,jwhittallm,agrissm@wufoo.com,https://uiuc.edu
f59817dc-c057-41ea-bfc8-aaaf72c06d47,aholyardn,jhandscomben@ow.ly,http://ft.com
829c4069-7af1-4366-8c50-9b14c9219308,ejosselsono,chenriqueto@ovh.net,https://engadget.com
aef83b5f-903a-4073-8ddf-94665b719901,aoverp,dodowdp@woothemes.com,http://seattletimes.com
3c2180a9-9835-4f58-b2e7-2c3910445a6a,estanhopeq,msmaleq@columbia.edu,http://cocolog-nifty.com
a0730c1d-41f0-422d-8265-1430e3183fc1,fshaner,afilipczakr@businessinsider.com,http://princeton.edu
7677fe8a-f15f-44d2-9ca9-994f3c997516,pkorpals,fchiltons@storify.com,https://elegantthemes.com
0bbbfae9-1ff6-4383-b551-550dd2df7730,rglasbeyt,gmartelt@blogtalkradio.com,https://purevolume.com
cd746062-9a79-464a-8765-6370ae6d0725,asorleyu,mmacellaru@purevolume.com,http://jalbum.net
6733823c-e254-4fcc-a725-7faf2e3e171b,tsnassellv,nhawneyv@comcast.net,https://paginegialle.it
80d192aa-c90f-4a7e-813a-8fc0eb8ee97b,kegglesonw,jofihilyw@cdc.gov,https://lycos.com
3233f9cd-8422-4587-8703-10903543d09a,efozzardx,stippettx@storify.com,https://kickstarter.com
0623b551-fe6d-4663-8cb0-3028209ef59f,abenticky,nsowrayy@gov.uk,http://eepurl.com
594d321a-f951-468d-bc2f-79681aa9cd17,mpedroz,bfindingz@toplist.cz,http://soup.io
25d0f0f7-ba7c-4ddf-8181-bd27b69a5c70,kbeldom10,sfaint10@biglobe.ne.jp,http://goo.ne.jp
d0d48c07-6ad4-4c3b-a217-ec1bea698a55,canthoney11,tcerith11@wikimedia.org,https://cam.ac.uk
f5e92457-6491-4463-b219-fb803e55799d,mgraybeal12,belles12@dmoz.org,http://go.com
b9ac2956-0732-4072-8550-a594fc1460c1,dbonnar13,bcrowcroft13@umich.edu,https://hhs.gov
b0455397-a471-4105-aef5-d2a96f150b5d,kkondratowicz14,mbelvard14@mayoclinic.com,https://google.es
9883fcc5-6baa-4cef-8382-019c8ccdc12c,cfantonetti15,bloynton15@nytimes.com,http://cdc.gov
572fc719-75b1-45e0-8dfe-933f3f9efe44,cgooday16,lstarr16@macromedia.com,https://go.com
106498ff-a2eb-460f-8625-057af8c1574b,bshilstone17,tkasperski17@java.com,http://unc.edu
b38ec70b-dbeb-4041-821c-d6b11675ed00,gablett18,mdowdney18@yale.edu,http://hugedomains.com
4469b895-146b-4200-9bb5-6441d522d748,jducarne19,wromain19@weebly.com,https://geocities.jp
a4457b72-52d9-4f58-8a80-591e5dc256f0,llukins1a,csully1a@tripadvisor.com,http://chicagotribune.com
d6a4e1da-ce2c-441e-ab7b-4b5c538b6e02,wdurston1b,bormond1b@craigslist.org,https://psu.edu
78847b45-9beb-4c69-acf9-5650ca2c4849,bfilchagin1c,mdiamant1c@ovh.net,http://youtube.com
ac9abd8b-3bb1-4c99-a964-2702a15a36eb,ndalyiel1d,fclancy1d@list-manage.com,https://linkedin.com
7e5bb5ae-39ae-41a3-b5b5-db99600b763c,dtakkos1e,cmccloughlin1e@dedecms.com,https://adobe.com
cc71a464-185f-47be-9801-a8de6ffcfd3a,eeles1f,nverduin1f@yellowpages.com,https://diigo.com
f4c801e6-b212-4f81-a2b1-4501456269c1,mspenton1g,ababin1g@gizmodo.com,https://seesaa.net
706ee3ec-ada7-4d04-abcc-79395a1c2c6a,amanderson1h,vlemon1h@cloudflare.com,http://phoca.cz
72599835-e28d-4e96-9f32-648d7937e8ae,lbog1i,adurrett1i@unesco.org,http://engadget.com
6f44966a-3278-431c-8ac0-cfa82f1e474c,phehl1j,vdefont1j@hud.gov,https://lulu.com
0a36aaba-10c9-4145-8cce-0e73dac9831b,dwerendell1k,wswaisland1k@alibaba.com,http://icio.us
c94807d5-3f18-4782-a176-913736d89a2d,adunphy1l,rdruhan1l@infoseek.co.jp,http://qq.com
93cbc5e7-2363-465c-99e8-f284485a4a77,dpeele1m,rthumim1m@java.com,http://canalblog.com
088add53-194c-44d2-9e90-092bb54a8a46,cjimes1n,jgriffithe1n@phoca.cz,https://twitter.com
2df9f242-de0e-4ce9-905e-183ea90d10ab,vcressor1o,ewoolveridge1o@businessweek.com,http://alibaba.com
18ce8a8e-695f-4624-8a37-bad95a4282c3,chatley1p,rmallinar1p@gmpg.org,https://purevolume.com
ee86cdca-0f58-4846-85ec-9594ee76b408,nskowcraft1q,tpentlow1q@histats.com,https://blog.com
07a539bf-c102-4def-9579-a6cac3e36ddc,tzavattieri1r,kcasley1r@census.gov,https://patch.com
20173c8a-9863-42aa-8025-5c0ef0a7ea32,jcabbell1s,hcarrack1s@reddit.com,http://ezinearticles.com
96ca2ea9-0bd5-4f49-aade-948ad36146b3,bmanueli1t,sclarkewilliams1t@reference.com,https://who.int
2dab495d-5a7f-4750-836c-88dd2452cf2b,lduval1u,aemby1u@ed.gov,http://icq.com
098e73e2-8909-47a3-a47f-efa42f2bc83e,atiffin1v,thiorn1v@themeforest.net,http://privacy.gov.au
9d05d0a7-1a2c-4d88-82ab-a19fcc76ce98,rchupin1w,mbruntjen1w@ask.com,https://photobucket.com
0bfba547-e6ce-4215-90f2-79ef0dc1ad86,jfaltin1x,evigietti1x@flavors.me,http://usa.gov
25872a24-aca7-4f91-9812-25478a7698b9,bminchi1y,cmammatt1y@mac.com,http://lycos.com
c1838440-be61-4963-9e32-80b28685ad94,cjelley1z,abather1z@timesonline.co.uk,https://newyorker.com
d267e47f-7995-4719-af02-4c7b37bbd9df,aliddard20,mbreitler20@imgur.com,http://de.vu
1ece9177-81ee-4604-bce6-115090e018a6,chollerin21,jcullip21@dyndns.org,http://exblog.jp
b421dab7-7ea5-4f9c-b11a-543ef4397a2d,brichel22,cedkins22@freewebs.com,http://vimeo.com
4797539d-8647-4698-acaa-b373ce75dff1,nnestle23,mlegges23@guardian.co.uk,http://squidoo.com
6e93b60d-3cd6-4fd1-9021-4692708d3d94,nberre24,mrasp24@howstuffworks.com,https://sogou.com
ead23a33-c729-4ade-942e-f1a9d88a40e7,adickens25,flockey25@flavors.me,https://hibu.com
51a75560-bddd-4249-956a-c41fd32dd218,gdimitru26,nburke26@51.la,https://weebly.com
061fb9df-c4a7-45b7-9fb7-a888ce4628e4,rworham27,mwahner27@accuweather.com,http://senate.gov
2514b00d-5f6c-4a69-8395-2c883f908027,fmassimi28,mcahey28@sina.com.cn,https://surveymonkey.com
91507cf6-b200-4733-bfe0-9e737e4f550f,jcoorington29,tchatt29@tmall.com,http://booking.com
a2f18158-24f9-49aa-ba7d-7765784f1f40,nuridge2a,jmullenger2a@pcworld.com,https://free.fr
6d13cd1b-5f58-4f3e-901d-7f7b5ed73359,aivanenko2b,tpring2b@imageshack.us,https://i2i.jp
8dee9fec-cf82-4736-8f5a-20421c3b59d0,crendbaek2c,gfitzroy2c@ftc.gov,http://vimeo.com
fac00781-ad6f-4e75-b6ac-fed28c6fbb03,adelwater2d,bmcilmorow2d@dmoz.org,https://omniture.com
4ef90b34-8886-42e1-8bf4-4bbdd1e91081,cpescud2e,nmanus2e@barnesandnoble.com,http://cmu.edu
e3748d5b-96c5-4902-9895-d0ad9c014543,rcranidge2f,lsculley2f@zdnet.com,https://elpais.com
055704d8-3153-45e9-b302-3b08de6ce677,ihammerich2g,fmalitrott2g@slideshare.net,https://constantcontact.com
2fd481ed-20ab-4472-8ecc-9c2297ffb06c,mmarian2h,gcrus2h@ft.com,http://about.me
c4b118bb-c256-4653-b7bd-eb258ce663a8,mmcalinion2i,mcarson2i@youtu.be,http://comsenz.com
d0287fc5-99a6-4507-a0bb-2444010ab00e,rslocum2j,hparke2j@paginegialle.it,https://vk.com
97123222-e852-4fc6-ac6b-92b58a9f81b4,jshimony2k,rforesight2k@house.gov,http://indiatimes.com
f1308fb9-bd89-4fcb-a4a9-c6a0a5748998,cmaclice2l,gheake2l@imageshack.us,http://hostgator.com
f75814da-6ac1-44d1-b464-199abb4b5f26,lcallen2m,hharvett2m@skype.com,https://auda.org.au
47e64742-7a0d-44ac-a3ad-5ad37dca0041,icollen2n,msayton2n@independent.co.uk,https://hhs.gov
8cea5a1b-1a72-4649-8de8-2568cec52d05,ssextone2o,pmcclements2o@google.es,https://freewebs.com
08bcf945-8d43-4592-a40b-842ae8c96b4b,ioldnall2p,ekniveton2p@purevolume.com,http://webeden.co.uk
3ae6255d-8ed9-4bc8-850d-564d16e51f4f,bmcginly2q,flippiatt2q@deviantart.com,https://desdev.cn
f4cf2975-c2d1-41b2-ae2c-4e282e1f4006,krohfsen2r,sheningam2r@blogspot.com,https://bandcamp.com